Fecha;Descripción;Importe;Categoría
01/09/2026;Factura de luz SETEX;185,50;
01/09/2026;Internet fibra, optica;280,00;
02/09/2026;Supermercado Maxi;1.240,80;
03/09/2026;Panaderia La cruceña;35,00;
03/09/2026;Almuerzo churrasco paceño;45,00;
04/09/2026;Delivery pizza;68,50;
05/09/2026;Zapateria Nina;320,00;
06/09/2026;Taxi a la UCB;18,00;
07/09/2026;Farmacia;95,00;
08/09/2026;Recarga de celular Tigo;50,00;
09/09/2026;Pago al plomero;400,00;
10/09/2026;Cine Epicenter;70,00;
11/09/2026;Agua AGSV;120,00;
12/09/2026;Polo de la tienda;85,00;
13/09/2026;Regalo para mi mama;150,00;
