fecha,descripcion,monto,categoria
2026-09-01,Factura de luz SETEX,185.50,
2026-09-01,"Internet fibra, optica",280.00,
2026-09-02,Supermercado Maxi,"1.240,80",
2026-09-03,Panaderia La cruceña,35.00,
2026-09-03,Almuerzo churrasco paceño,45.00,
2026-09-04,Delivery pizza,68.50,
2026-09-05,Zapateria Nina,320.00,
2026-09-06,Taxi a la UCB,18.00,
2026-09-07,Farmacia,95.00,
2026-09-08,Recarga de celular Tigo,50.00,
2026-09-09,Pago al plomero,400.00,
2026-09-10,Cine Epicenter,70.00,
2026-09-11,Agua AGSV,120.00,
2026-09-12,Polo de la tienda,85.00,
2026-09-13,Regalo para mi mama,150.00,
